/*!40101 SET @OLD_CHARACTER_SET_CLIENT=@@CHARACTER_SET_CLIENT */;
/*!40101 SET NAMES utf8mb4 */;
/*!40014 SET @OLD_FOREIGN_KEY_CHECKS=@@FOREIGN_KEY_CHECKS, FOREIGN_KEY_CHECKS=0 */;
/*!40101 SET @OLD_SQL_MODE=@@SQL_MODE, SQL_MODE='NO_AUTO_VALUE_ON_ZERO' */;

USE `integrum`

-- Dumping data for table integrum.perm_permission: ~31 rows (approximately)
/*!40000 ALTER TABLE `perm_permission` DISABLE KEYS */;
INSERT IGNORE INTO `perm_permission` (`id`, `code`, `group_`) VALUES
	(1, 'MANREGION', '09REGION'),
	(4, 'SELUSER', '05USER'),
	(5, 'CREUSER', '05USER'),
	(6, 'EDTUSER', '05USER'),
	(7, 'MANPROFILE', '07PROFILE'), 
	(8, 'SELUSERINTEGRA', '04USERINTEGRA'),
	(10, 'MANUSERAPPL', '06USERAPPL'),
	(13, 'CREUSERINTEGRA', '04USERINTEGRA'), 
	(14, 'EDTUSERINTEGRA', '04USERINTEGRA'), 
	(15, 'NOPROFILE', '04USERINTEGRA'), 
	(16, 'DELUSERINTEGRA', '04USERINTEGRA'), 
	(17, 'SELINTEGRA', '03INTEGRA'),
	(18, 'CREINTEGRA', '03INTEGRA'),
	(19, 'EDTINTEGRA', '03INTEGRA'),
	(20, 'DELINTEGRA', '03INTEGRA'),
	(21, 'MANINTEGRA', '03INTEGRA'),
	(22, 'EXPINTEGRA', '03INTEGRA'),
	(24, 'SELEVENTS', '02EVENTS'),
	(25, 'COMLATEREVENTS', '02EVENTS'),
	(26, 'SELDASHBOARD', '01DASHBOARD'), 
	(27, 'ACTDASHBOARD', '01DASHBOARD'), 
	(28, 'LICMANAGE', '08LICENSE'),
	(29, 'COMEVENTS', '01DASHBOARD'), 
	(30, 'DELUSER', '05USER'),
	(31, 'EDTMAP', '01DASHBOARD'), 
	(32, 'MANROLES', '10ROLES');
/*!40000 ALTER TABLE `perm_permission` ENABLE KEYS */;

-- Dumping data for table integrum.perm_role: ~7 rows (approximately)
/*!40000 ALTER TABLE `perm_role` DISABLE KEYS */;
INSERT IGNORE INTO `perm_role` (`id`, `name`) VALUES
	(1, 'Administator'),
	(2, 'Handling'),
	(4, 'Events handling'), 
	(3, 'Readonly');
/*!40000 ALTER TABLE `perm_role` ENABLE KEYS */;

-- Dumping data for table integrum.perm_role_permission: ~62 rows (approximately)
/*!40000 ALTER TABLE `perm_role_permission` DISABLE KEYS */;
INSERT IGNORE INTO `perm_role_permission` (`id`, `id_role`, `id_permission`) VALUES
	(1, 1, 1),
	(80, 1, 4),
	(4, 1, 5),
	(5, 1, 6),
	(7, 1, 7), 
	(16, 1, 8),
	(107, 1, 10),
	(13, 1, 13), 
	(14, 1, 14), 
	(138, 1, 15), 
	(15, 1, 16), 
	(20, 1, 17),
	(17, 1, 18),
	(18, 1, 19),
	(19, 1, 20),
	(23, 1, 21),
	(21, 1, 22),
	(24, 1, 24),
	(25, 1, 25),
	(27, 1, 26), 
	(81, 1, 27), 
	(28, 1, 28),
	(6, 1, 30),
	(29, 1, 31), 
	(84, 1, 32),
	(112, 2, 4),
	(111, 2, 8),
	(108, 2, 17),
	(109, 2, 21),
	(126, 2, 24),
	(127, 2, 25),
	(124, 2, 26), 
	(125, 2, 27), 
	(113, 3, 4),
	(66, 3, 8),
	(67, 3, 17),
	(71, 3, 24),
	(74, 3, 26), 
	(106, 4, 29), 
	(123, 4, 26), 
	(105, 4, 25);


-- Dumping data for table integrum.integra_evnt_descr: ~376 rows (approximately)
/*!40000 ALTER TABLE `integra_evnt_descr` DISABLE KEYS */;
REPLACE INTO `integra_evnt_descr` (`id`, `class_`, `lang`, `long_desc`, `code`, `type1`, `type2`, `text`) VALUES
	(1, 130, 'PL', 0, 65000, 0, 0, 'Connected'),
	(2, 130, 'PL', 0, 65001, 0, 0, 'Establishing connection'),
	(3, 130, 'PL', 0, 65002, 0, 0, 'No connection'),
	(4, 130, 'PL', 0, 65003, 0, 0, 'Disconnecting'),
	(5, 130, 'PL', 0, 65004, 0, 0, 'Disconnected'),
	(6, 130, 'PL', 0, 65005, 0, 0, 'Error'),
	(7, 130, 'PL', 1, 65000, 0, 0, 'Connected'),
	(8, 130, 'PL', 1, 65001, 0, 0, 'Establishing connection'),
	(9, 130, 'PL', 1, 65002, 0, 0, 'No connection'),
	(10, 130, 'PL', 1, 65003, 0, 0, 'Disconnecting'),
	(11, 130, 'PL', 1, 65004, 0, 0, 'Disconnected'),
	(12, 130, 'PL', 1, 65005, 0, 0, 'Error'),
	(13, 130, 'PL', 0, 64999, 0, 0, 'License loaded'),
	(14, 130, 'PL', 1, 64999, 0, 0, 'License loaded'),
	(1824, 6, 'PL', 0, 50, 31, 0, 'IP address'),
	(1827, 6, 'PL', 1, 50, 31, 0, 'IP address');
/*!40000 ALTER TABLE `integra_evnt_descr` ENABLE KEYS */;

-- Dumping data for table integrum.settings: ~1 rows (approximately)
/*!40000 ALTER TABLE `settings` DISABLE KEYS */;
REPLACE INTO `settings` (`id`, `key_`, `value_`) VALUES
	(1, 'db_version', '2.0.6'),
	(2, 'archive_days_old', '90');
/*!40000 ALTER TABLE `settings` ENABLE KEYS */;

-- Dumping data for table integrum.user: ~81 rows (approximately)
/*!40000 ALTER TABLE `users` DISABLE KEYS */;
REPLACE INTO `users` (`id`, `hierarchy_qry_idx`, `active`, `surname`, `forename`, `name`, `accounting_number`, `description`, `modify_time`, `modify_user`, `modify_removed`, `versionid`, `deleted`) VALUES
	(0, '1#', 0, 'Serwer', 'INTEGRUM', 'Serwer INTEGRUM', NULL, 1, '2014-12-30 20:02:30', NULL, 0, 1, 0);
INSERT IGNORE INTO `users` (`id`, `hierarchy_qry_idx`, `active`, `surname`, `forename`, `name`, `accounting_number`, `description`, `modify_time`, `modify_user`, `modify_removed`, `versionid`, `deleted`) VALUES
	(1, '1#', 1, 'Administrator', 'INTEGRUM', 'Adm. INTEGRUM', NULL, 0, '2015-03-20 15:23:42', NULL, 0, 1, 0);
/*!40000 ALTER TABLE `users` ENABLE KEYS */;

-- Dumping data for table integrum.user_application: ~19 rows (approximately)
/*!40000 ALTER TABLE `user_application` DISABLE KEYS */;
REPLACE INTO `user_application` (`id_user`, `login`, `password`, `modify_time`, `modify_user`, `modify_removed`, `versionid`) VALUES
	(0, 'integrum', '$2a$10$wga4vasTuReIglLk3bSSteRBRgemQTntv/vf0cLQOvqn1iiaJ7xDW', '2015-03-20 13:18:38', 0, 0, 1),
	(1, 'admin', '$2a$10$XLRt1WpPeiCQXRmXguks3u6.XgZ6PYhEJFRsCx4XYwmQgeaTKDugC', '2015-04-30 14:06:36', 1, 0, 1);
/*!40000 ALTER TABLE `user_application` ENABLE KEYS */;

-- Dumping data for table integrum.user_application: ~19 rows (approximately)
/*!40000 ALTER TABLE `user_application` DISABLE KEYS */;
REPLACE INTO `user_application_settings` (`id_user`, `access_hierarchy_qry_idx`) VALUES
	(0, '1#'),
	(1, '1#');
/*!40000 ALTER TABLE `user_application` ENABLE KEYS */;

-- Dumping data for table integrum.user_application: ~19 rows (approximately)
/*!40000 ALTER TABLE `user_application` DISABLE KEYS */;
REPLACE INTO `user_application_role` (`id_user`, `id_role`) VALUES
	(0, 3),
	(1, 1);
/*!40000 ALTER TABLE `user_application` ENABLE KEYS */;

/*!40000 ALTER TABLE `user_contact` DISABLE KEYS */;
INSERT IGNORE INTO `user_contact` (`id_contact`, `id_user`, `contact_type`, `contact_detail`, `modify_time`, `modify_user`, `modify_removed`) VALUES
	(1, 1, 1, 'integrum@satel.pl', NULL, NULL, 0),
	(2, 1, 0, '-', NULL, NULL, 0);
/*!40000 ALTER TABLE `user_contact` ENABLE KEYS */;

-- Dumping data for table integrum.user_photo: ~2 rows (approximately)
/*!40000 ALTER TABLE `user_photo` DISABLE KEYS */;
REPLACE INTO `user_photo` (`id_user`, `filecontent`, `modify_time`, `modify_user`, `modify_removed`) VALUES
	(0, _binary 0x00, NULL, NULL, 0),
	(1, _binary 0x646174613A696D6167652F6A7065673B6261736536342C2F396A2F34414151536B5A4A5267414241514141415141424141442F34514241525868705A674141545530414B6741414141674141596470414151414141414241414141476741414141414141714143414151414141414241414142414B4144414151414141414241414142414141414141442F327742444141454241514542415145424151454241514542415145424151454241514542415145424151454241514542415145424151454241514542415145424151454241514542415145424151454241514542415145424151482F327742444151454241514542415145424151454241514542415145424151454241514542415145424151454241514542415145424151454241514542415145424151454241514542415145424151454241514542415145424151482F7741415243414541415141444152454141684542417845422F38514148774141415155424151454241514541414141414141414141414543417751464267634943516F4C2F3851417452414141674544417749454177554642415141414146394151494441415152425249684D5545474531466842794A7846444B426B61454949304B78775256533066416B4D324A7967676B4B4668635947526F6C4A69636F4B536F304E5459334F446B3651305246526B644953557054564656575631685A576D4E6B5A575A6E61476C7163335231646E643465587144684957476834694A69704B546C4A57576C35695A6D714B6A704B576D7036697071724B7A744C57327437693575734C44784D584778386A4A79744C54314E585731396A5A32754869342B546C3575666F3665727838765030396662332B506E362F38514148774541417745424151454241514542415141414141414141414543417751464267634943516F4C2F385141745245414167454342415144424163464241514141514A3341414543417845454253457842684A425551646863524D694D6F454946454B526F62484243534D7A55764156596E4C524368596B4E4F456C3852635947526F6D4A7967704B6A55324E7A67354F6B4E4552555A4853456C4B55315256566C64595756706A5A47566D5A326870616E4E3064585A3365486C36676F4F456859614869496D4B6B704F556C5A61586D4A6D616F714F6B7061616E714B6D7173724F3074626133754C6D367773504578636248794D6E4B3074505531646258324E6E613475506B3565626E364F6E7138765030396662332B506E362F396F4144414D4241414952417845415077442B336967416F414B414367416F414B414367416F414B414367416F414B414367416F414B414367416F414B414367416F414B414367416F414B414367416F414B414367416F414B414367416F414B414367416F414B414367416F414B414367416F414B414367416F414B414367416F414B414367416F414B414367416F414B414367416F414B414367416F414B414367416F414B414367416F414B414367416F414B414367416F414B414367416F414B414367416F414B414367416F414B414367416F414B414367416F414B414367416F414B414367416F414B414367416F414B414367416F414B414367416F414B414367416F414B414367416F414B414367416F414B414367416F414B414367416F414B414367416F414B414367416F414B414367416F414B414367416F414B414367416F414B414367416F414B414367416F414B414367416F414B414367416F414B414367416F414B414367416F414B414367416F414B414367416F414B414367416F414B414367416F414B414367416F414B414367416F414B414367416F414B414367446B7648666A337754384C2F422F694834672F4566785A3466384465422F436D6E533674346C38572B4B74577374443850364870304A56487539533154554A6F4C5331694D6B6B634D586D536870376957473368575365614F4E77442B62663970582F673479384E48554E62384A2F73482F4141576E2B4E5436544A5061337678332B4C733270654150677270383976494E39337075684D2B6C654D5046656E2B53647A6A5564562B48756F41687062537931433238716159412F4762346E2F3841425A7A397533787464336B6E697A39765451506878617A796868344A2F5A302B452F686F3658703071792B6435576E2B4F4A3942316A78684A456843784F6D70654A62704A59596A477A733031774A7744357A622F6770642B304A4A4937742F77554F2F62596B6435475A6E6838616170623237757A4D574D4D43756977524E6B74484373614C45685641716251414165712B46502B43744837593368365657384C2F38464B66696E426449734D55556678462B47486862782F6253433369654B46705434763841434771325A5A6B7548463150634579335536783356774A5A6265426C415030442B446E2F414158712F6230385053774C346A302F396C3339717A516F646A336B4F68584637384C7669566378784547554338306A554C6E776670627A52377952636544626F704A3562716978677854414837482F414C4D2F2F426544396A6A34303674706E676634787234702F5A4A2B4A756F79513231766F7678726868673842367065536A352F37442B4C476E7150444336636B67654A4E54385A51654349626D56524861704F386B6173416674626233467664323846336154773356726451785846746332387154573978627A49736B4D384530624E484E444E4779795253787379534979757246534351436167416F414B414367416F414B414367416F414B414367416F414B414367416F414B414367416F414B414367416F414B414367416F41386638416A3538656668622B7A4C38492F473378782B4D2F69693238496644727742704C61727232727A704A635475586C6A74624453744B734941393171757561317145397470656936545A704A64616A714E3362323053356B4C4B416635336E2F42526E2F67702F7744465039767678314834722B4B43617034522B416D693362336E77512F5A683076584C6943777537654A35496266346766464C554C4D5737617671312F455A55572B454D5472444A4C705867365053744E2F74585864574150797438552F45487854347946764271326F4348523746516D6C2B47394B6954545044576A77676E5A467032693275797A684B6A3554634F6B74334E6A6463334D306D58594135524D446363673537354F547A30372F414B352F6D534157342B4F3358505135366E304862304F50544E4146744431787837667A7A787A3239653261414C304D6B6B54704C453778796F79756B6B6273736B62446F364F68444B5650495A5343477763356F413974384F6647377858593261364A34736A7450694634566B4B6934305478576F76706B5544627630375635566C314379756F302B57326C6C65376974654867746C663577416673642F7754302F344B6A664758396A61367334666876726D762F4762396D69336D536278312B7A46343031615338385666447253355A684C71477666425457723657346C30394C4A704C69354F693230736E6872575A4C6878724F6D70726C2B7576614F416633486673342F744866434C39712F34512B46666A6438456646567434713844654B376264464B4E6B47726146713043526E5650432F696A532F4D6C6D3054784E6F6B3071322B716158634D323074446557633135706C355958393041653530414641425141554146414251415541464142514155414641425141554146414251415541464142514155414641425141554166352B762F414158722F7743436B556E37566E37524F6F6641727748726E3233396D72396D66784665614E6257646E647564492B4C337879735970394F3853654A72737742427148682F7741475354587668665258523769332B7751613371656E3668415048756E795777422F504666616A66617665584F6F366C635358643764796D53346E6C32677364716F7171694152785178527173554545534A4462774A48424448484647714B4152707A6A5063444F50793734394344337A37644143326E5134354742332B70376E4F4430494237597A785142626A42495539546E723350714236392F586A706B39414331486B7439632F6A6B342B6E4F44786E4F63304157307941536575526E4F52317950586A307A323971414C616345445036635A37352F774765786F41337444316E5650442B70326573614E657A36647164684D73397265515074654F52536543446C4A4933556C4A6F4A566547654A33696D6A6B69646C59412F5A662F676D312F77555238526673612F46356669396F4D476F5876776C3855334F6D36562B31563847644B754A445A33576A3346776C76622F41426D384136544C4F4C5A50452F6869655A7270344857503756617A61683461764C327873396348694377415039423377663475384D2B502F436E6872787A344C3171773853654566474F686156346D384D65494E4C6C382F5474613048584C4B4455744B3153796C7770653276624B3568754969797134535142305277796741364F67416F414B414367416F414B414367416F414B414367416F414B414367416F414B414367416F414B414367416F412F4B542F6773332B3256666673582F414C4448784538552B4439556E303734786646656544344A2F426D5777754667316177385A654F4C4F2F532B3855366336794C50623358673377725A362F346930792F534B6143447848616548375335434C666F784150387A4455626F54547062517A47613173764D6A696C334F5264544F37506436673238376A4A657A6B75724F504E573157327435475957366D67437167372F774266382B2F353041576B37646364782B4A2F6E7A2F6A366746704F3449504941394D6E735363383450624848345541576B5059657566386B64686E6A38506641423133677A777272586A727862345A384665484C56723378443475312F5350444F693269676C726E566463314733303277697941534665367559315A38485975357951466F412F5850396F7A2F676A353857666878703133346E2B4347766A347961465A5735754C7A777A4E5A52364A3851625A59314C546E5337434F65343072785371496A532B545933576E36314D37783264686F65705847486B4150794975624F37303637754C44554C573573622B79754A62573873723243573275374F366759785432397A627A70484E627A7853713055734D73615352794B556451796B55414B6836354A5066383838352B76502B54514231766850784A652B45396273746273566A6D61334C5258566E4F41317271656E584B47432F3079396A5A585357307637575357336D563062627657564D5452787341442B7A662F6733752F62506775374478462B7739347231713475744F307A534E512B4C33374D642F716371764C6365416452314B575434672F4455334D6B6F6154552F42586953386E316E54724652635864785A58586936357A6261566F6C6C4851422F5550514155414641425141554146414251415541464142514155414641425141554146414251415541464142514155416677562F7744427A4C2B314A4E38536632772F447637502B6A61695A50432F374C2F772F73344E517449704330556E78652B4D746E592B4A6459754A566A6D386D596150384F7258776648703177592F74656B61326458684470397164464150356B307743446B3839546E50356E507231375541584536666A6E50553866584A2F4836382B6F425A54747A37394F4D385A2F6E372F306F41747039656D4D2B6E48546A71447941526A50743667467950747A33503941546E3873392F77425251422B76332F424876344279664554342B616A3858395873544C34572B432B6D4E6461664C4E47577437727837346A6875744F304F424E3543544E704F6B6A5774626B64504D6B734E5168304B566F304E31424B6F422F5566376A313967633965676F412F4E583975763841344A38654466326D644731487833344773374C77743864644C734A70624C5537644C6530307A3467665A6F676266516646332B71694639497359744E4938547379584E67306B6347715066615844424659674838726D75364272666854584E59384D2B4A4E4C766445385161427156376F2B746150714D456C7466365A71756E5845747066574E356279596547347472694A34705559634D7663636B41714A786A76303954395478312F796141507362396B48396F5478562B7A76385676683538596643556B306E696634462B4F4E4E2B4A326B5745557A5735385165456D6548522F697234466B6D584C70702F697A7766633345463774614D51616446724D38624A63544236415039504877503479384F2F4562775634512B4958684455453162776E3437384C2B482F475868665649315A493953384F2B4B4E4A744E623054554556766D564C7A54623632754656766D416B41504F61414F6F6F414B414367416F414B414367416F414B414367416F414B414367416F414B414367416F414B414367436E714F6F324F6B61666636747164314459366270646E64616A71463763754937657A73624B4353357537716551384A44627752535453756546524759394B4150386C4C397248343036722B3050384174416646373433367A4A637466664744346E6550506962396E7579786E3076532F4666694F396E384C36436F6B65575662445176436C766F746C704D55736A4E42702F6B776F54474138674238394C6E492F6E7766627166722B4A375541576B4848586F542F49663550544F66776F41744A327A302F4D6570392F7A3735413669674330684242372F77412B42314A37394F76495042376341477470746A6661706532576D36625A334E2F714F6F336C765932466A5A7779585635655874354D6C7661326C7262524235626935755A3549345949496C655357523052454C4D6F49422F61762B78482B7A56462B7A422B7A3134502B48633651743474766C667864385137794D4B7933506A5858344C52745274316B6A65534F613330477A74744F384D326C7A47797265576D6A51337252704E637969674436314E7334394D5A39442F686B597A3339656E576742507337632B2F7144362F54366A696744384E662B43756E374963477261436E37557667665441757561436C6A70507861744C4F483574583044397A7032672B4C35456A514D392F6F4568743946316964764E6B754E446E3075646D74725877394D3034422F50536E4F4F656F48622B586F66667451423033686A575037433133544E5661483752426133494637616B345738303634567262553746794D6675373754357271306B376C4A694D39364150372F41482F67675A38654A6669662B78456E776E316E55704E53385466737965504E662B4666326D34637663616A34437633486A443462617768364454663745317535384D3653685347524C4C776F69795259325454414837655541464142514155414641425141554146414251415541464142514155414641425141554146414251422B64582F42577A3475542F424C2F41494A762F7465654E624761534456372F77434565712F446A515A59474B336B5776384178697664502B45756A58466A74654E2F74746C662B4E594C2B33644354433972396F5A486A6964534166356376694634573176556F37615179576C70634E70746A4A6B457957476C68644F73486467414764724F3167615277506E664C59473667445058714F33502B663841436743326E54763150632B6E66312F48362B74414836352F38457566324E322B4F312F3856666A50347330324F627748384C2F4233696E527644535839683973734E642B4B4F746546645254543253475439336444775059586B50694B346942536148574C2F77704E456347625941666C416E636335417A30776570475230774437652B656561415033342F34492B2F734D582F41496F312B782F61752B4B476A54322F68667731635366384B62306E556259782F77444353654A59586543343864474F5A5235756A65476D383633385079694970652B4A433270573178436644694C664148394B33324832422F6E372F7743663530414A39682B6E366634666E2B6C414239674A2F752F3537394431352F3841724367444538532B447448385965484E65384A2B497247445539413854364E716567613370303671304E39704F735755326E366861535A48334C6931754A596D4935416250427851422F444E38632F6856716677522B4D5878492B453272744E4C6465412F467572614444647A782B572B70365842634E4A6F657362436B6532505774466C734E56682B5251304E3747565861635541655A49546E38752F38416E6A6E36447651422F545A2F77626A2F41423166776E2B316434672B46563966535236542B304238474C75776A742F4D486C336E784B2B4131372F61756878434E6941526266436E572F456B377949586C387A41387679575A3451442B326967416F414B414367416F414B414367416F414B414367416F414B414367416F414B414367416F414B415035312F2B446C62346C7965452F324C66685A34477337716147382B4948375165696178714E7367547937377774384A5041506A37346C36684249535449572F3453625266426E6C7171624F586B6C6D6A3870493577442F4144336B3547526E387655344F4230372F7744312B4B415037565032482F3841676D542B7937384A766856384F2F4847742F442F41455834702F45767858344E384D2B4B645A385766456177732F46467470326F61396F6D6E367250592B466644326F323761426F6C6870747863535257462B6D6D532B4933694C6D39316D6457534749412B2F76467637506677543865614A4E3461385A2F43503462654A64436C676B746A70757365432F4431354242473859694C57666D324A6577754977714E62336469397664573073635539744E464E44453667442F673138422F686E384150416C6A384E66684C345974764358677A54622F56395374644B68757237554A426561317146787156374C63366C7174336536707145676B6D46744250714E3764584D56686257566B4A6D677459676F422B4350374A332F424466574C54785462654D2F32726465306D54773370642B74337066776F384A616C4A665875767062334C50444434363854573856765A616259534A436E32725350436C7871567A714D46786866456D6A7951535154674839474F6B2B484E4B304853744D304C51394D734E48305852645073744A306653644D74594C4854644C30765462614B7A302F54745073725A4937653073724731686974725332676A6A6874344934346F6B564543304161483245663356397A78332F41422F6D66796F415073507350797A2F41462F79667A6F4144592B792B3266547433357A2F7744723630414832486A6F765038416A363536392F78392B51442B56663841344C612F444F48776C2B3037345438655764763556763841452F3461365A4E714D344372397138522B443951752F443933494858372F6C2B486638416845345372626E5859435732474E55415078305472373950626E31344F505872514239312F774442506634304834442F414C5533375033785565366131732F68353862664157723637634B7855322F6748785A667438502F41496D62534D4464642B472F454D4D4133455274744353426C59344150394F6D67416F414B414367416F414B414367416F414B414367416F414B414367416F414B414367416F414B41503432502B44702F7743494B5848692F77445A722B47384D35696E3848664348347666454734682B366C7A4A385366486677722B48326D626D3376766D68307A777434793868444444694F5737595458424F793341503433567A6765337037482F4876363041663653487747734133774E2B4444474D4574384B5068323354726E77666F2B6335424A7A6E767A36304165726E546C2F35356A4135364471447A6B2B2F632B7563356F41542B7A682F7A7A4842394239505439656662746741582B7A30362B57447A7763416E323745394F65703963304148396E4C2F7741386C2F495A352F442F4144366D67412F7339632F3674522B412F774472646A373976784145476E6739493150727831396638382B7441432F3263702F355A4C2B51397A2F5850352B7441422F5A792F3841504A63642F6C482B48742B655078415035302F2B4467485237574C53763257645538767937755055666A42594231434C356C74506266446535645A53454476355574716A51664F466938323477704D705A51442B626C4F70394F2F2F414E622F414F762F415072414F71384E4F57754C2B794A2F64616A6F657377534A79544C4A6257637571324D59786E357A716D6E574C5238483934713578316F412F314C2F77426C58346B7A664750396D5038415A342B4C467A637664583378492B435877743862616C4E4C49736B353162784C344A30545674576A756E53575A546551616C6458554634424E4C73756F35554D6A6C537841506536414367416F414B414367416F414B414367416F414B414367416F414B414367416F414B414367442F4144362F2B446B3734697034762F62362B4950682B4B376A6C6B2B464877772F5A302B466B397572786B3230657561643854766A506351794C444570575A6D38613652644F7430386B3567754C567875747A614C626748383553636A3136382F6A313536652B54336F412F3071663258326E316A396D6E396E665637694B4E4C6A5650675A384A64526E57425857425A723777466F46314B6B4964354845516B6C5949486C647775304E493579394148755832412F7742776E4A394F76767A7A30422F586E6B304148396E392F4C3477546E422F773537667A49363541454E682F7366302F4870312F7741357A51417632442F59774F6576727A3250476366722B4A6F415073482B782B494250544950505959786E3249343951412B774E7A38683979657554363965784F65706F414259482F6E6E312F5048552F6E2B5A4873526B415073425038423963444A2F384172392B766631373041667A5A663848444E3942623258374B4F694B596A647A3366786C315756466E6A382B337472654C345A576344533234426C4556374C633349676D62616A4E59584B494A44484A3559422F4E4D6E337533492F7236396365766567446F76446A374E6330566951462F74577744376D326F59327534316B57512F3841504E34325A5A4D384643774F515451422F6F322F3845572F4663766A482F676D4A2B79667173374F30746A34553859654654356D336573586766346F2B4F66426C7170437953595437486F4E7559647A426A41596D614F4D743561674836693041464142514155414641425141554146414251415541464142514155414641425141554163623852506946344C2B453367547864385450694E346A307A776A3445384361427166696A785A346C316934573230375274453069316B764C3639755A5735625A464756686769575334757032697472614B61346D696963412F796F2F774275483970346674622F414C544878372B5055567065365A612F4672347636393474306A5372396C6B75744C3846365859575068723464616665536F585639557366436C6C425A3670354C2F5A6863322B62654E4954476F41506B524F6E352F7A7A6E6E6E70302F7A6B412F3067502B43632B7378654C2F32447632524E59692B5A59766742384D2F443068565A3144542B442F444E683452756933326C456C4D72584F68796D5677504B6555764A62504A627446493442396F66596576445A494F42672B7642363859392B6E72514166596366777632364872302B6D434F76624A50586730414C39684F4F6848586A5072362F354F63633537414466734850335778313550485870332F774472396141464E694F7766766E673954337A32782F676355414A3969774D59596741382F69656E50556576494278396141462B775937503734504F4F526B3963354835486E314E41414C484A7A682B65344A48584F543235344847426B3963396141503545762B44684878636C392B3035384866416B4D7253522B4576677448723036592B57333144786C34793852777A52453779544D2B6E2B46744C6E63655771694B65412B6249575A494144384556362F6C2F503841654433357A36633041586F4A4768654B5A5076784F73693535473547334449376A493539656E5367442F414549762B43412B6F4C64663845346641756E6551304D766833346F66476A5272676C6B5A5A706D3866367272426B6932644557505634344D456B6C345859485979304166744A514155414641425141554146414251415541464142514155414641425141554165512B4E2F32672F674A384D376561372B4A4878762B4550772B746264726862693538622F41424B384765464C6542725269743273303276613159527874624D437477485A544377496C326D674438712F326B762B4467662F41494A6F2F732B6166715557692F474B62396F4C7868614A634C616545766752704D2F69323275376C49322B7A744C342F7657306A34627861664A636249353771783856617065777773317A623656666255696C41503437502B436D662F42616E3970442F676F744C4C344438686667722B7A6861616A486532487763384C617A6558317834706C744A34376A5464532B4B7669595261612F6A4F3773626D474B2B3037526F394E30767772704E374861586B656A336D73324676726A4148343549657658767A366B353536382F51343436357A6B6746704F6E626F662F722F4150312B6E664A497A6B412F76702F3449492B506F5069482F774145355068356F714F4A727A3454654F2F6962384E7452644E6F595476346C6C2B4974696B7531325864446F667843306D465473695A6F593469364F354D3877422B7A5832412F7742312F586E39652F314F507839364144374233326E3878396658506633356F415437414F54746250582B66625074312F506A6D67425459657A652F5548386552317A78327A306F4150734750345734366A2F41443663666E6E6B4555414832442F5A626E3966312F44363866514150735073336F652F31372F582F4530414832412B6A642B636A48632B767365667A37354150382F622F67717A38574C66347766742B66744536375954725070486866786444384D644A4B53475345522F4448544C48775671636C764C387979573937346930665774536A6B6A7A44497437766964343253526744382B59385A5058332B6E2B50703961414C6135774D386E6E6E503548502B632F5767442F51502F774344652B79764C663841344A7365434C36374B6B6135385550693571747134634D386B4B2B4B5A4E4C6C655541445A496237544C7762547955434F4F484141422B33564142514155414641425141554146414251415541464142514155414641487A742B30762B795A2B7A702B324838503550686A2B306C384A2F43337855384A4357613630324C584C65653331727733714D384274704E583849654B644B6E735045336848574874796265545650446D726162657A577865306E6D6C745A4A495841503551503275762B445632773036393148784C2B79442B30786F6D69365A4E4666366A44384E2F326B35445A697767746A444A4F756E6646487766704D37585668444C637832647644712F67434F5777696B73663755385333383030743251442B666E34372F38457450327150326372712F692B492B7066737A32647059526D55587166746A2F414C4B2B6C58476F454673322B6B654676462F7863384D654F7454757A434675526157666857573461326D535259325A4A316941507A326D6961336D6B743544457A777974433751547758554C4E4778556D4B3574354A7265654973474D633845736B4D71465A495A486A495967457164543734366B643835352F506E317A786E4E41466C4F672F50674872313976784F66583851442B6C6E2F6733432F61313050345A66485034672F7374654E39566930335350326762585374642B484E78657A474B306A2B4B5067363231424C6A7739457A4D734546313433384C586B2F6B797A6E64643670345030505272546465367042444F4166327866594D6E68652F5048594138644F2F703644384B41464E6A6E6E4870322F706A70363965514F44786B41583741655467343735485850312B75547763357A316F4162396736664C363434373966592F6E676E4937554141735062502F4152312F414875667030785141665950626F4F34362B6E2F362B76304855415837426A4F426E31794F772B6F3578324836304166495837642F37534F6A6673666673736646663434366863327961356F66682B625276683970382F6B75327566456E7847723658344C30354C61632F77436C32384F727A4A712B7378496B7A7765484E4C316D2F614B534B7A6B4641482B62706433313571563764366C714E7A4E65582B6F5855393966336C7849306C7864586C314D317863334D386A45744A4E50504938737273537A757A4D65546D6742553638342F6D66776F41747079422B504850716671632F316F412F305976384167687634576B384B2F7744424C33396D574B34693871383132322B4A76696D3635754D5378362F38595048313770556F53356A696150646F4C615348574A507337794B3830456B38636F754A6744395A36414367416F414B414367416F414B414367416F414B414367416F414B414367442B61662F6736432F5A7338512F467639694C774E38612F433168646170652F7331664530613334717462614F535A376234622F414245302B5077743468316C59595138737638415A50696D30384279336845666C5765697936767174314E426136664D784150382F46426E366638413675426A493435376365766341466C6533315850312B7655392F515A4766596746745066382F58505047636438386634356F41736F654D2B75546E766E5058366E464147356F757361743465316A537466304855372F526463305455624C563947316E53727934302F564E4B31585462694F38302F55744E767257534B3673722B79753459726D7A753765574F347472694F4F6147524A45445541663642502F4141527A2F774343722F686A3975727748592F422F77434C657061646F50375750675452522F624E724A396D3036772B4D66682F545532503439384A577946496C313632746C696B386565474C5645466E644E4A3469304F425044393363366434624150334E2B7766374A35366B67452F77424F54362F3434414168734F6568786E2B377A7A33366576714D6B6576594142593435782B474F33555A4A4830394436356F4150734850546A4A357831363963444936666763396141413248546A76366466596366686B347A6A4A49366B417A4E61753948384E61507133694C7846716D6E364A6F4767365A66617A726574617664572B6E36566F2B6B615A6179333270616E71642F64795257746C5957466E444E64586435637A52775730455573383069526F7A67412F674B2F77434377482F4253615439756E3478577668483463585635622F73332F43445574547476414563304D6C6C4E342F3852536C374456766966716C6E4B6B56314462366C625266596642756D616C4774376F2F6832536137756258544E5838523635707341422B514363416338386365765450542F7743766D674332684F546E38543739736D67433268774166722F582B6638416E4E41482B6F392B7776384144695434522F735A6673732F446D35674E747150686234432F4332793179456F696250456B2F672F53722F784B5169527862512B763365704F6F64544E745965664A4E50356B7A674831585141554146414251415541464142514155414641425141554146414251415541595869667778346438612B472F4548673778646F6D6D654A66436E6976526454384F2B4A664475745763476F365072756736315A54616471326B617059584B53573937702B6F32467A5061586C724F6A785477545352794B56596967442B46372F41494B476638477A3378332B48486976784638512F77426841782F476A345436684E6436764438496462317A5374462B4C48674E48645A7039463062554E6275644C3044346961465A715A354E496E462F70666A49576157326979614C346D31574274643163412F6E322B494837476E375858776B652F58346E6673762F74412B4134644A46784A714639346F2B442F41492F30665334494C53476135754C73617665614248706B316C466257303932645167764A624A725347533653346542476C414238364A37392B2F387638394D5936633041575536444A3635392B2B6566362F3430415731366A362B762B50582F5066464148592B422F4776692F3463654C50442F6A7A7744346C316E7766347A384A3670613631346238542B48745175644C31725264567333456C76653666663272787A777A49515662612B4A496D6B696C5634704A4559412F3071503841676E4A2B325834682B5076374B58774B2B494878346E734976482F6A507758613332742B4B74493074644E305456372B473876644F2B33586D6D576F6548534C79385379696E7657736F3030673363317739766136565A694B3351412F54793169747232434B3773726933753757345150426357736B64786279786B345634353453306369646472497A716566656743782F5A2F7230357951446E6A76794D6B6E3966546D6742507347522B765470333547335038383434486567446E504575752B482F41416A594E71506944556F4C43494B356869623537753764426E79724F3154645063535A4F4349304B78673770536B59646C41507A2F38416A743433762F6A4834663841456E67635233576A2B433966306A56644375624E476358656F322B7032567A70386C7871556C744E437A44797268705937434364596F58434D626961654F47356A41503832612F734C72537451763841533736497758326D336C31703935435156614B367335704C653469594D46495A4A59335673714478794D3541414253526A76307A786E6E2F41446B2F2F577A51426154716638352F706E3965633965614150707A396A6E344C542F744666745466732F66424B4F326B757254346A2F4662776234663131552B394234556B316D337576474E2B526B466B307A777261367A714D6967686E6A7457565475496F412F774254645656465656554B71674B7171414656514D425641344141344148414853674261414367416F414B414367416F414B414367416F414B414367416F414B414367416F412B5666323066326850486E374C483750666A5434372B41766756723337524E7838503174645838546644767772346A587735346D587759686B587842346E30646D384F2B4A6D31647644455A67315456644A6973595A686F4557723672486446744C2B783359422F44782F77554C2F344F4C506A2F4150746E66437278623842506862384C74452F5A7A2B46486A79316E3050783364572F697537386566456A786834566E44525876686D58784B6444384B6154346338506549344435666954544E4B3850584F7033316958304A2F45306D69585773577573414838377164782B5050754D2F7743665872514261546F4D64382F7A2F6E2F4D2B744146744F6F50702F67653358332F414178316F4173702F556E382B2B632B2B50586B486E7141442F516A2F59453842586E6758396976396D48773571454C7733386677593845617666514F7A4E4C613366696653495045397A615442346F536B74724E724C32303057316C686C6965464A72685546784B4166623267362F346D384D536D5851645A314C544D7476654B3375474E724B773444543263686B744A795034544E444A6A714D4767443147312B505078477434676B73756A337A67444D3131704D5353747479636B5755746E446B38446949446759414F6367466655666A6A3852372B49777858656E615A6B46586B3037544C645A53446E494574363134592B2B4868387551486C5742356F41386931475855645875354C2F564C32393147396D4F5A4C7139754A626D64385A77706B6D6B6439696734524D37564879714141425142522B772F774379332B66786F412F7A2B2F32775042792F442F384161752F614F384951784E445A364C386176695246706362424E36615063654B745576744633694F4B4350662F4147566332544F596F6F346978506C6F71594641487A306E3850346466382F6A3745446D6743326D43542B474D2B333868303975326141503665762B446154396C69373861664866346B2F7461612F705570384C2F426E7739642F442F774142366A4E486943362B4A766A79794565767A61665038336D5848686E34655458746C71304243465976694670457175774C7051422F6131514155414641425141554146414251415541464142514155414641425141554146414251415541667A656638464B662B44646A34442F414C566C37727678632F5A637674422F5A7638416A74715531337175733643756D7A44344B2F456656726A644A4C507247696152464A642F4433584C3234627A377A784C34513037554E4F75705464584F702B4339543162554A7461684150347066327250324766327076324A76474D766844396F7A3452654A76412F6D585531766F666934576B6D712F443378636B4A4C4334384A654F744F57667735725759544863546166446578367A7069545178617A706D6E3354474141487A4470576D616C724E3762615A70476E337571616C654F49625377302B326D766279356C626F6B467662704C4E4B78414A326F7049475430426F412B387667762B773534753857586D6E61743853477550442F6831626D336D767446307135745234687572455352795845456D72547733326A61424C4E617334696D6B673179377435515264614F70556F51442B6C72344166736C6673592B452F436E684B2F384666412F774347336A4C524C572F7364634F6F654E7445303778317247706174706954326B7261787133694B48565A32764C4B61613878595265586F2B6E366758754E503032447934634148376161486357477561545A616C705256374B3668526F46514B686843346A61336B52506C696B7433566F5A4978776A726853796B4E5142726659542F6450726E63656E664F6666676441543337304148324675362F6D78372F5848313548625050634155574F632F4C6A726E4A504858742B493963665871414A396849786C446E366B382F68372F5872795055413572786472646C34523057343157394375352F63324E74767739336575704D554150384B44426B754A42796B43534F4137685559412F446A397533344766412F34772B43745A3172782F774347374350346D5837616B2F677A7850346546686F766935746575533132346C6D455733573944746E62375471656D6170446432795150496C6A4A702B71586474657141667A4666457A344E2B4C76686266764671317331356F356E4D4E7072747246497472493254746776596D4453616266342B396133424B534F4A42615846326B625341415A384750684238512F6A37385566425877642B465868323838562B502F482B75576E682F77414F614E5A716379335679325A72793975534446702B6A36566152334771613171313230646A70476B326C357156374C44615773307141482B6D702B77332B796834562F59702F5A692B475037506668655344554C6A7770704C58336A50784844463562654C7669447273683150786C346B597648486347317539586E6D7464446776504E75644E384E574F69364F38307136636A6B412B7461414367416F414B414367416F414B414367416F414B414367416F414B414367416F414B4143674272756B61504A49367047697337753742555246425A6E646D4943716F424C4D5341414353635541666A622B32312F7741464C2F32644E4A3048785A3845664276676677662B315672757232302B692B4A7441312B77302F78443845624A574A456C7634727572794338302F78694C656459326C3066526C65796B654F5743667846706C39622B5651422F4C54616544666852344A3137784A3468384F2B42764275676172346C31532F3153393048774E707A615434623070722B3561374F6C61653873743564572B683245767961646F6B4679316859526F495567554B4749425A3148784A714F70675179536943305835596247302F63576B6144674C35534E6874765547557551536470565469674436442F5A702B4F4C664448784B644431363663654350456478456D6F46337A486F6570767468673174465033626661457439585641725357615258583732545434594A5144397A666848342F69384E36724859616A6362764465727647486C334B384E6A64796846743953526C42486B4D75324B374B4F717441795850377732794977423974697A42414B7170553449494C484B6E6B45636763673963394D39633867414C4C6E6C522B5237642F587154396570484A7941483249487430396D392B50553578794D2F6A306F4172335357316A6258463765504862577472444C63334D3870327877777771306B73727632565544456B6E6F4F684F4D674835382F462F346E324E2F4C7133696E576278644A384A65487253346D6765365A6C6A746247486D57366B51426D6539766D564349596C6B6E6B6332316A41733869784351412F434834772F467656766974347A757645567738396E706C6F7A576E687254504E322F77426C3658484A6D4A6D324D796E554C787358656F54695279317734696A6B2B79323972484741635264582B682B4A374354522F47466C48665254784E6279337A777733586E573534386E55624F5346347236445033764D456B6E475647356D616744376D2F344A66664676396E6A39674C783734723855613938476266784C48342F2F77434A59666A666F4637646133343338412B484A6E7470626A77765A6148716C77396B6E6857652B7472612F77425658544A644D38517A50456731472B38544A593652706C674166313366433334742F446234312B4562447831384B2F475769654E7643326F41434C55744775684B626134324C4A4A5961705A53434B2F3066564946645074576C36726132656F57785A6650746F39793541505261414367416F414B414367416F414B414367416F414B414367416F414B414367416F414B41504366326766326B2F672F2B7A48344B6C38632F4637785862614459763530576A615062686233785034703143474D502F5A66686E51306B5335314F374F364D54544577616270367978334772582B6E3268613555412F6C392F62412F344B516647543970735832684A65336E77612B4238356D6974764148682F554850696E78765A62397363336A62575968627A583046776833766F64736C70346374393055647A62617863323176724D67422B5A6C39346B6B6D682B776164476D6C366142742B7A577A4E35302F62646433482B7375484934594D32776767454D56444541352F7A75656F396553652F556A48706B2B3358334241415339656576313548483448307A6E76303669674138337079547A3148727A372B6E723250587451422B6B2F37496678324772573048776F3856586862557243466A344D763769544A76644F74304D6B6E682B52334A4C584F6E517138326D5A4C2B62707953326745583247325334415033422B416678455857625666424F7458476455302B416E51376D575137722F41452B466376594576392B363039464C51594A4D3167754E672B7853535367483031396B396A2B5A4F66307A332B76725141473042374E3639542F67656836652F5057674434332B507678475738757050412B69546B32646C4D44346775596E4A5736766F57447070696C5474614379634C4A6437742B36395649774932736E3834412F4262397250343744786871372F4472777665622F4141723466764D367A65573767786139723175785177704968785070656B53626B6862506B33576F695737437A5232756E5846414878615A6535497A786B386B357966587544786E505166576742664F504A7A6E6A36396677352F447230476355415839503169393079587A724F344D5445346B513561435A6563724E436479534442497777797553554B6E6D674436472B4276375133784A2B43506A43487874384750476C35385050465A6142645430704A5450344E38593273556D343658723269584A6B303639745A697A7248426477744C61534F747A70647861616771587349422F546C2B786A2F7755372B476637534D2B6E2F4476346B57316A38492F6A6E4A3564744634627662747834553861334730447A76424774587238586C79344C703457314F346B314D423069306E5550456978585631434166714A5141554146414251415541464142514155414641425141554146414251415541666E4C2B33502F774146457668392B794C70783849614662577678442B50577457516B385065414C653559324868394C7550645A2B495048397A61794C6361647057316864326569327A78613334676A434A627961547073387669437941503552506A50384148503468664633787A715078442B4C6669793638652F454B2B4A524A4C706C48682F77705A6833654452394330713345656E3246725A4632454E685951783238553753584677303136317850644148674E3166334E374F397A64545050504953576B6B4F54313441483356556677716F43714D4B6F41464146635339666D366B6E384F7566632B2F754F6141417A4875535066362B2F38416E7436444941656239666F652F77446837357A36647141447A547A6B386E6F4F332B6658313535356F4174324F7158756D58747071576E5855396C714668637758746C6432306A52584E72645730676C743769435643486A6C696C524852313556686E4A4E414837582F7332664868666968346273645A68756870336A7A77704C5A70723176624D495A45766F2F6E7374647355586862485532686551524B6F5731753437717849654B4B4B5734415032322B46486A75792B4A50686D4C5530387144574C4970616139703645347437774B536B3855653476396A76315270375A6A75414B7A32336D504A62534D51446C766A723853452B482B684453394D6E482F43553639424A48594B7266764E4D735357686D315A3179537271776148547434327958596B6D587A4673353479416668462B316E38656D3841364733676E773366482F684E6646466F37587435444A6D343850364A63466F70727379416C303154553973747659742F72594968633377614B56624A354144386C6A4B53636B7353636B6E676E4A392F356E6A50346E49416E6D486A382F587636487637382F774341416E6D652F73422F396672366E323938436742786D50727A39422F58727A6A7350513041495A636B386B3965666638417A6E672B754F4B414F6F302F78494853437A31677A7A51514F6A57576F774F593954306D565372527A57317750336A704734446555784C4C6747506C45516748377A2F734B6638414257485766417332672F434C39717A57726A784C3448764774394F38466648567A4A6436726F4B6E624462365A38524D42376E567449565171447849524C72326A7A4A494E61585739506D665574424150365162432F73645673624C564E4C76625455744E314B3074372F547452734C6D473873622B78764955754C5339737275336553337572533674354935376535676B6B686E686B53574A32526C5967467567416F414B414367416F414B414367416F414B414367416F412F4B442F676F312F77555A3076396D44544A666848384A70724878482B305A346C73453869446244666162384C394C314733457476346B385277536272656658726D306B5738384E2B484C6F47497774443467312B4D614B645073664549422F4A723471385A36747157723631712B71613971486962786C3468764C6D2F38562B4D395676626A5574553150554C795579336854554C715353356C4C795A382B396B667A5A3242326255574D4B416565655A7A79636E5050476576584A7A7966727A37596F41547A6663636A50546A6A49485031362F317A77414C3567395166707A3379666670366438353755414A356F486672394F2F5848586A304A36636E324941766D486B354235376A36354A366A2F414F767A5141656166777A33482B4A354F4D354641414A6565436631422F32752F582F363263304165682F4337346D6137384B2F47576C2B4C394363753171336B616C707A4F30647472476B544F6E3237544C6F674D4E6B36494A494A6D696B4E726552573135476A53573655416630482F414C34343230436548766962344B75503755304C577255432F30795355514737744334532F30652B324362374A716D6E3355636B666D4B4A6862583174764175625233573441504F2F326A766A37463453306E7846385450463036586D73366C4B39746F476A4279713668716B6B6244544E49745533376F644E73596B456C314E755A6F4E50743570763339374A456C7941666766346E3856617A347838516172346E385158306C2F724F745873743766584D67497A4A4951717877786737494C57326945647461323057324732746F6F72654655696A5656414D487A4154317A3638636E387A6B667A2F57674138305A7A6E6A39654F546A2B663638356F41504D423648317A7763394F6F506348735478514165614F75526B352F7A6E506335353639523730414A357666634F653350497A366E48587230392F576741383065337565337231783248552B76726E6B41324E4C317837447A4C65654E627A544C6E2F6A37734A53646A6A49784C45326377334B597A484D6D4733415A7A676251443969662B4364662F414155653154396D5055394B2B4676785A316655664533374E76694B2B45476936334E396F3144575067397164314A2B386B6767547A726D62776F306A655A7276683233563274435A504548687146726F3670704F7467483958756C6172706D766158707575614A714E6C712B6A617A59576571365271326D58554E39707571615A714E76486557476F366665327A793239355A5874724E4663326C316279535133454573637354756A7178414C39414251415541464142514155414641425141554166412F38417755492F62563050396A58344E7A617659745A6170385876484358326966436A777663596D57585649346F3176764665725767645A5A50447668526271317572794A5372617071567A7065694A4C6244555A62367A4150347776476E6A54784A726D75362F77434966464F756168346B3866654D4C36363166786C346C314F356137314B653931435533467862766473784C584572506D2B38734C4447504C7334517355515241447A67536E6A722B4F4D65707750783638395057674138337031394F6542795036394F4F3539614146383067487267446A474D2B7676315076324641446C6650556E4F633864667233363539546E334978514175346465523378775432366A382F5433396141464C6438736550584239386669654D6B6B2B2B52674154646E75546E38657543423930593764542F4F67426434362F4E6A3850787A774D386A48734D5A47425141626830357A31502B63635A7A302F504E4148756677682F61482B4948775774395873664378306A554E4D316D5747356E307278446258743759327439454247312F5978324F7061624A623355397545743774684B3856784446622B624537323044786747483857766A50347A2B4D2B73324F73654C704C4745615A5A6659644E307252344C7130306979523345743163515731336533383332792B6B4552764C6D53346B655A594C61484B77577476456742355276476543653547635A7A2F50707A6A30343979414D5A3845597A6A31347A7A6E4A794D656E543137346F4151536E2F617A782B654F2F314F632F6D614145387A72314A787A3635366A762B66543139714141532B35394F677A337A31366E727A78314E41432B6166553835485450726A76395031357A3141417A486E6B3536383441366533302F6D6141447A5365442F494839667848346450594131644D316357545377584B4734303638416976725867623179434A6F636B426275412F50424A6B45484B6B674849415033792F344A4A66743533487736385561522B796638582F41424762763466654C72714E5067663474314F3462792F4466694455706A35586769356E75482F636148346D753544466F73424B66324C3472647450456374707236793657416630365541464142514155414641425141554146414762724F7361583465306656664547755839747065693648707439724773616E657969477A303753394D745A6233554C2B376D62355972617A74494A726965567545696A647A774B415034566632786632704E622F414771666A3534342B4E657079584566683231756E384B2F4362514C706E4D65686545644D6D75526F694733637970466579527A542B4A746452666B6278467245796F526265556941487869387A4F7A534F355A335A6D5A6E4A4C73574A5A6D5A69784C4D784A4A4A4A4C484F6330414E456E71522B76763748333539632F576742664D50743050546E722B4A39546E6B64667A41447A4267482B6F39503841363334446E765141394A4F4F783535363966722B4848765141377A4F546B6A2F414431372F5831356F4151793839523137352F7966723036476742544A787A6A396365767237486A50702B4941655A6A71526E3379657634395058387A363041486D2B2F55397765503838386E722B48414165614F2B4F2B5038382B2F77444C316F41504D396576507142362F546A4A2F7741633041416B474430392B754D6B2B35373838666A336F41597A676B644F6E666A50556E315071666636395142766D484F415144337933766A38386E4F6678464142356E596B6463636E3842374838442F4C4E4143655A6A3036632F6950382F544235394142642F7570787A7833347A77656636354F4D6755414A356E5048545058386554312F77416E387141447A4F6E54323535375935366E327A363437636742356D63386A763378786E366B6466774836674136445372795334682F7330537448647779472F3053654E796B30462F45424939764649704470397356415977727074764972646C4964334A415037562F2B43593337577376375748374E6D6B616C346D31424C7A34716644576544774A38535338752B38315337744C564A50442F6A4364574A6B502F43576151717A336C7751736333694B7738517832364A44626F6F415030566F414B414367416F414B414367416F412F4A4C2F67744238644C6E34522F7364367034533065376B74664548787738536166384F5565435479376D48777373467A722F6A4B634865753631764E4E3075447778664942495867385446436D316D6B6A41503434395275436E32577856766C736264466641786D376E7850654D345057524A472B796C757252323059343230415A706B2F77413442342B7565503664505767413833363839783137342F70375541486D2B2B4F66626B5A7A6E3850307A2B4641436D584A362F5870372B682F50316F4165737642363954774F75503644707A307A375541503830396A2B50666A6A6E386666706E4765744143655A396364653366706E762F6B6E6A7541486D4850552F543873345059352B70494E41432B623077547A6E67385A47662F723938386B3041486D63392F71522F4C6A48586E6E4F652B633041486D38395433486236666E676A4872366E7251416E6E63386B386A766764633534394D6E382B2B63344141536E3150542F36777877657077632B764934464144476B5066734F4236386E72786A382F3530414D38302B2F664F6630372B777A514165626E6E4F657650747A6E312F556E76306F41587A65652F546E4F4366312F77413950536742504E505432394230372F5872313966544E4142356E54422F542B6E66703634356F415553653536443639542F415057372F706D6741387A3337635A4763657635394F76365541506A755A4970456C6A646F35493257534E787779534B775A58556A6B4653415151526A48306F412F59442F676A6638645A6668682B3262706E676D61366544776E2B304234637676436C376137746C6844346D73624F3538542B464C77783778756E743955734E58384B6165775751722F776B6B3432685A476C6A4150374636414367416F414B414367416F414B41503566662B44676678564E632F4566396D6E774F3930425A6154345238632B4B4A4C525A467A35336962587442306A37545041714232486B2B46586A745A4A4A4A41434C786264496D4E775A77442B64366535616561575A322B65575235472B6271306A466D2B764C456B2B2F714B4149764E2F4836746A503034795063392B6330414A3570396A6E31596E31484F522B5054747A327941486D39736E2F50582F486A38445141766D652F766E502B652F384177492F7151427979416A6E4F662F725A3954372F414B2B6C41446A4950552B754D2F726A394F74414235672F7835356F41557964386A366C756575667A505838636E6A6B6743475166587233782F6E714F6141417941446E414F656D522F6E313535464142356E2F414E62362B6E39447A6B2F794144662F414A422F50742F2B76317A5141766D41392F727A7A6A4F50782B6E74514247307650345A484936382F7744363865326671414A356E4F5363386E2B4C482F31782B41493666576742504D35366E366B382B2F4F50307A79652F54494165626A3379657565652B4F4437386E6A6E314E41423576626E707763342F504835352B7565635541486D65352F4D6A2B66556E722B66745141656239526A333639507A4F667A366E306F41504D39382B6D53652F2B652F413739546741504D50596A2F76722B682F452B2F34304165326673392B4D626E7758386476674E347874726E374C632B455069353850395A6A6E655A5959346F644A385A614E717265664B36535243336B33584564797373557354516D515478795279504777422F6F653041464142514155414641425141554166797A6638484348687165302B4B50374F586A4977426266585041506A5877796C30486E4C537A65466645576C36724C6275682F77424869454D666A474B574A347A3530786E6D57623933424451422F50474A4F6D546E4A3976662F503841586D6742664D427A6A50582F4144317A6738383848307A5141337A416363383866585038686E476565656F2B67414754334F655034534F2F5850716679362F576742664D39546A766B3548627030502B654B41484C4A37382F515A3635412F7941445141377A4F6E4A2F726A726E6A314F4F7657674133382F72304835342B687A2F384158496F41504D35484A376E32366E3139656566355541486D646554366E337A2F41492F3147665941504D48505850546B636E2B6650363539383041416B786B35505472317A302B764F66582B744142356E75656636667150616741387A33506639657039757662336F41597A6E50556A385031373863636635464143622B534D2F707A2B506231503965314143655A6E7550384136326535394F3549486F65686F415179636E6E395078353950543150316F4164356D65632F686A327A78314A4A4850503630414A356E586E394F3350586A672F582B64414235685051386A726B634830782F502B76536742664D36382F586735363838642B7658506238614145387A3339694F70343639523965354F66576744316E344365484A2F473378302B44486732326746335034722B4B2F7738384E7857724E4E456C772B742B4C7449303052504C626733455563687564736B735037324E537A786E636F6F412F305861414367416F414B414367416F414B415079622F7743437833374D65702F74432F736E582F6954776C703875706550506758716333784930697974596A4C66617434586A735A625078356F746F6971386B6B70306351654A5972614147357672727774613246756B6B31306B54674838542F6D38484239383769652F774366346E4854326F41504D2F48337A6E714D2F6C7A79506638414D41504E397A2B66546A6759347A313648384B41464D7659736566396F3535794F6E723765764E414347546B2F7743504A2F3841313535362F726D6742367948485876366E6A6A734363656D522B50504641446A49632B7542363953506271654D6A4854494E41432B623135485050337338383942364474336F415179646565426E677353522B7565547A363975356F41587A543635344F65667163392B2F504F526E3842514165626E7679652B656339383539546A362F725141655A2B665563397554775054726E50763034494145387A726739656E4950714F4D38652F723639614146383374307832335A35787A3137397566796F415938687A6A323535492F72787831487051417A7A50556E6A766E76376E726E3139633578306F41504D78333639393348714D663534366E4A7A51416562786E5047657537317A337A6E5071663861414638334A366B39652F66395439667165324B41453833506650582B4963397A375A372F583630414166707A362F785A373450727A2B5049376B346F41504D774F7658314F52335036642F5872376B41504D3977636E5044647A39652F7239656561415032562F7743434A2F374D65702F475439714F7A2B4D477261664B6668372B7A374550457478657A526E374871587843314B3275725077566F734C757045747A70306A5876692B5A3764693169326736644864474E645674524F41663258304146414251415541662F2F5A0D0A, NULL, NULL, 0);
/*!40000 ALTER TABLE `user_photo` ENABLE KEYS */;
/*!40101 SET SQL_MODE=IFNULL(@OLD_SQL_MODE, '') */;
/*!40014 SET FOREIGN_KEY_CHECKS=IF(@OLD_FOREIGN_KEY_CHECKS IS NULL, 1, @OLD_FOREIGN_KEY_CHECKS) */;
/*!40101 SET CHARACTER_SET_CLIENT=@OLD_CHARACTER_SET_CLIENT */;
